,eta_min_s,x_s,y_s,z_s,Location_s,GP_count_s,eta_min_c,x_c,y_c,z_c,Location_c,GP_count_c,ID
0,2.4616699610021904,225.94854736328125,4825.6572265625,-352.941162109375,eta_4_x,0,4.8786969872325825,225.94854736328125,2320.373779296875,-352.941162109375,eta_3_top,0,0
