,eta_min_s,x_s,y_s,z_s,Location_s,GP_count_s,eta_min_c,x_c,y_c,z_c,Location_c,GP_count_c,ID
0,1.7638547839586358,225.94854736328125,1975.9962158203125,-360.0,eta_1_x,0,2.452817936489093,225.94854736328125,188.2904510498047,-360.0,eta_3_bot,0,0
0,1.7970017523710173,225.94854736328125,1975.9962158203125,-352.941162109375,eta_1_x,0,2.788221247202933,225.94854736328125,152.94117736816406,-1071.47802734375,eta_3_bot,0,1
0,1.82679622619946,225.94854736328125,1975.9962158203125,-352.941162109375,eta_1_x,0,3.003301416282423,225.94854736328125,152.94117736816406,-1071.47802734375,eta_3_bot,0,2
0,2.0490143688320703,225.94854736328125,2506.003662109375,-352.941162109375,eta_1_x,0,3.130695920734112,225.94854736328125,152.94117736816406,-1071.47802734375,eta_3_bot,0,3
0,2.377229582245502,225.94854736328125,2506.003662109375,-352.941162109375,eta_1_x,0,3.2073800143231703,225.94854736328125,1975.9962158203125,-352.941162109375,eta_3_top,0,4
0,2.729396739017263,225.94854736328125,2506.003662109375,-352.941162109375,eta_1_x,0,3.25655368582415,225.94854736328125,1975.9962158203125,-352.941162109375,eta_3_top,0,5
0,3.105512646400002,225.94854736328125,2506.003662109375,-352.941162109375,eta_1_x,0,3.306687004293914,225.94854736328125,1975.9962158203125,-352.941162109375,eta_3_top,0,6
0,3.9345430215567228,225.94854736328125,2506.003662109375,-352.941162109375,eta_1_x,0,3.4123060818165207,225.94854736328125,1975.9962158203125,-352.941162109375,eta_3_top,0,7
0,4.857197972791163,225.94854736328125,1975.9962158203125,-352.941162109375,eta_1_x,0,3.503891518039927,225.94854736328125,1975.9962158203125,-352.941162109375,eta_3_top,0,8
