,eta_min_s,x_s,y_s,z_s,Location_s,GP_count_s,eta_min_c,x_c,y_c,z_c,Location_c,GP_count_c,ID
0,1.8110599120790447,75.3161849975586,4739.7373046875,-352.941162109375,eta_4_x,0,4.824421639689623,75.3161849975586,2401.850341796875,-352.941162109375,eta_3_top,0,0
