,eta_min_s,x_s,y_s,z_s,Location_s,GP_count_s,eta_min_c,x_c,y_c,z_c,Location_c,GP_count_c,eta_min_c_stresses,x_c_stresses,y_c_stresses,z_c_stresses,Location_c_stresses,ID
0,1.760121311529467,5339.3857421875,12701.6669921875,-1028.966064453125,eta_4_x,0,0.7353750083254673,4433.53564453125,12701.6669921875,-799.8590087890625,eta_3_bot,260,0.9629676880466785,6245.23583984375,12701.6669921875,-799.8590087890625,eta_y_bot_stresses,0
