,eta_min_s,x_s,y_s,z_s,Location_s,GP_count_s,eta_min_c,x_c,y_c,z_c,Location_c,GP_count_c,eta_min_shear,x_c_shear,y_c_shear,z_c_shear,Location_c_shear,element_count_shear,eta_min_c_stresses,x_c_stresses,y_c_stresses,z_c_stresses,Location_c_stresses,ID
0,1.829939372926888,75.3161849975586,4739.7373046875,-352.941162109375,eta_4,0,5.495451402630287,75.3161849975586,2401.850341796875,-352.941162109375,eta_3_top,0,0.4750458094560595,178.20000000000005,165.0,0.0,bot,26,3.022754855241565,75.3161849975586,2401.850341796875,-352.941162109375,eta_y_top_stresses,0
