,eta_min_s,x_s,y_s,z_s,Location_s,GP_count_s,eta_min_c,x_c,y_c,z_c,Location_c,GP_count_c,ID
0,3.5087085809805454,225.94854736328125,2506.003662109375,-352.941162109375,eta_1_x,0,3.3646806283696638,225.94854736328125,1975.9962158203125,-352.941162109375,eta_3_top,0,0
