,eta_min_s,x_s,y_s,z_s,Location_s,GP_count_s,eta_min_c,x_c,y_c,z_c,Location_c,GP_count_c,ID
0,3.5060048217493036,225.94854736328125,1975.9962158203125,-352.941162109375,eta_1_x,0,3.331092717057099,225.94854736328125,1975.9962158203125,-352.941162109375,eta_3_top,0,0
